startdate,Alabama,Alaska,Arizona,Arkansas,California,Colorado,Connecticut,Delaware,District of Columbia,Florida,Georgia,Hawaii,Idaho,Illinois,Indiana,Iowa,Kansas,Kentucky,Louisiana,Maine,Maryland,Massachusetts,Michigan,Minnesota,Mississippi,Missouri,Montana,Nebraska,Nevada,New Hampshire,New Jersey,New Mexico,New York,North Carolina,North Dakota,Ohio,Oklahoma,Oregon,Pennsylvania,Rhode Island,South Carolina,South Dakota,Tennessee,Texas,Utah,Vermont,Virginia,Washington,West Virginia,Wisconsin,Wyoming
2016-08-05,0.4568846730608622,,0.44089728450638765,0.4425263620592892,,0.5068615098652732,0.5577938422358132,,,0.5012640011495058,0.4659506982820225,,0.35937796874656397,,0.38860403985245817,0.5081440217724152,0.4249292888073472,0.4761247417525234,0.43012153500477607,0.47871385650890935,0.6209054418209322,0.6204636865879246,0.493368631000567,0.5379962534021985,0.3985867303073373,0.4994799108800805,,0.5081490897024015,0.500170091046543,0.4774704944200745,0.567085423388895,,,0.4989237709478746,,,0.3573345322082308,0.5371980867902449,,,0.4906890227685377,,0.4404766909249842,,0.45228909224040886,,0.5233988665991626,0.5588709428439459,0.44608024112139405,0.49349686012543365,
2016-08-09,0.36160715535715166,0.4266674958682444,0.46786404498268513,0.432014433843575,0.6039418884243278,0.5108514969368545,0.5440808838596161,0.5398640423713054,,0.49254127719672014,0.4757717538688648,0.632838437937549,0.35436587423914695,0.563789912527826,0.3844128479368729,0.48037755089695183,0.3986168080457691,0.35139928760441697,0.39224569923855546,0.4962865576737725,0.6340416109849153,0.5889680746070123,0.5185424458092648,0.5215162153036882,0.4681455480642019,0.4271952728776082,0.4009962475882614,0.4181999639648013,0.4979017819712284,0.5141119460066129,0.56381505533386,0.531008110155449,0.5926116811220848,0.47601632726971355,0.3330008807436036,0.46251211659552,0.34053729090157087,0.5661124388477444,0.4983579261032987,0.5258665923720593,0.4586247073213959,0.39107643142671694,0.36980921078557244,0.4811240439242149,0.4244780687712966,0.6119578531490579,0.5403664010681138,0.5794296243960072,0.35572437241655064,0.4915631489586674,0.2707884544352301
2016-08-10,0.2938448830637354,0.5035675962432582,0.5089182741183089,0.37766960431160634,0.5898566606600437,0.5366980554495017,0.571889737070673,0.4975013509253885,0.5930435820108424,0.49083491444383476,0.4374031730503982,0.6454060487705204,0.3840485106826869,0.5481707366628612,0.4605686801841078,0.5412834525425282,0.5131539724904076,0.4764597800553297,0.37996501852601394,0.6526060305030911,0.6435062128847363,0.6423987523546228,0.5326415502282487,0.5731633073499888,0.282432789258233,0.5449201260642121,0.46516656081182867,0.4992446051791104,0.46113687957256744,0.5953583234124628,0.5627680362280872,0.5536219458759896,0.5740234230893565,0.4747804369948178,0.35675604299537306,0.45787688102362356,0.41325302214894677,0.5915455660198785,0.5411143498578955,0.5255697143687673,0.43316269580882844,0.4175118528238855,0.3849214633329004,0.43253558613299403,0.44513111925606347,0.7706357152207399,0.5704609306760425,0.5743389691374688,0.461300706083647,0.5980888239120429,0.3663158533179982
2016-08-12,0.4265218734252403,,0.474342749556295,0.46183757463308,0.6917394574937602,0.5263498518731039,0.5355392476512038,,,0.5298470002995566,0.4747398401180498,,0.31567236909779134,0.6401782776620973,0.36989972302348173,0.4730736747436047,0.40404164780626434,0.46597648645378936,0.3885496887179998,0.49277417225300874,0.608321802969421,0.5720896822749563,0.4868435256854013,0.544933197382198,0.33761431896244526,0.4529172429346548,,0.4494686295082964,0.5407073976161904,0.48424586100766415,0.5752689072104643,,0.6202732734390172,0.5119038707434042,,0.5263886863264376,0.4201498368755665,0.5204539778138949,0.49178322993289364,,0.4768424511514131,,0.4086414671708057,0.42719754781830416,0.4828290315625124,,0.5538294013697779,0.5887184178366193,0.40046047581927596,0.46792559948201357,
2016-08-17,0.27724399709494724,0.43766962112382074,0.5192803375786151,0.4170698283669212,0.5636913062785408,0.5876682261837494,0.5861168511005027,0.5703414971026822,0.6551774738194877,0.46095695061275904,0.4403812798364297,0.609176577970865,0.42239646826184357,0.5281832264032574,0.46384590996324615,0.5105630169328451,0.5655037483464639,0.4626619495961659,0.3176601549036646,0.5308476231418129,0.5937189420424466,0.6438638077156642,0.4896712578132869,0.5615488166982107,0.3265047533919801,0.49328319203916643,0.5345265878820107,0.401376758860934,0.4241877667200096,0.5761605426886396,0.5235783156752366,0.5854958075680173,0.5557295525397844,0.4628665660913014,0.3545639943912109,0.49305360058315717,0.3819416767741372,0.5639650695127032,0.5129859455232589,0.6433506136576529,0.41485619508237104,0.5363166551202943,0.3751144877508679,0.4556617701662831,0.41552865742050454,0.7006168868472753,0.5322918619524626,0.5969231674933647,0.3700038580838227,0.5684719329661366,0.39729581505885897
2016-08-19,0.45080575390400995,,0.4742818620604638,0.44863642586402225,0.6954466082991058,,0.525248325688553,0.6502949155959031,,0.509499748507488,0.46045155250762065,,0.34346159169300683,0.6548978778908182,0.35694290175801435,0.4784843676292472,0.4185330025755858,0.4053834165248438,0.35395885845941494,0.6046446664659336,,0.5890779313337587,0.486647132690133,0.5513430249141544,0.3747966325362435,0.44320057157212744,0.3204076893915817,0.3269224143334257,0.5099887178175463,0.5702188307071375,0.5571303090202347,0.48863161459508947,0.6174839787240208,0.5210029167589553,,0.5285591958653715,0.3807102193976993,0.5638819252773861,0.5271786022364462,,0.4718137535012268,,0.38386800073198374,0.4067280455248941,0.3769612809375526,,0.5680799162431337,0.5523847506972307,0.4165926086871961,0.4876073589262089,
2016-08-24,0.27406587528726184,0.49862809207928843,0.5190342198714907,0.43289718658340953,0.5920546418366116,0.5831137860390769,0.5801252611601216,0.5050608990094934,0.5948665703448435,0.4395721398246973,0.3868828480510474,0.5968900144857572,0.4209658960225618,0.5277018583012293,0.5159225659792004,0.49465817687882835,0.5886911720217073,0.5151157578345483,0.34657105471956373,0.6696438598758436,0.614938988967476,0.6287248683261311,0.5183605204621746,0.5737258717591552,0.36502959634834237,0.5160593539705278,0.48409189552195614,0.4547693525632914,0.49350768925683575,0.5608181000794751,0.5426050208847527,0.5398701767076686,0.5571025320508003,0.4710622991226618,0.334392852088371,0.45559949520091253,0.44029548761488596,0.5726327485617873,0.49682256267257846,0.6107124982699824,0.43683783018211225,0.42685167301405663,0.3921452157445779,0.47232944162256757,0.47488346377607144,0.675148667293571,0.5269690327063549,0.5697800036373478,0.3208280519142978,0.5649862341818116,0.35961688190435054
2016-08-26,0.4276681689842579,,0.4665674478796337,0.4423336829528866,0.7112081188455166,0.47715006066969945,0.5514711094143324,0.600373582475524,,0.5133439431059699,0.43454318576295076,,0.35723289567155,0.5692885616772111,0.3570328839138639,0.445867441571593,0.4345378086600749,0.3923343454531878,0.38476567299757275,0.5018842542475629,0.6385622064319473,0.6321762830906837,0.5027667161428538,0.5635969194267467,0.41866358435155987,0.42258628503118345,0.4204958426173195,0.37775158850284235,0.47041546714260724,0.538145775568264,,0.4585744330680659,0.6267692203568479,0.5005438933298333,,0.4966742435399419,0.3695868332293126,0.5135872937239662,0.5274217414405842,,0.45887674366236747,,0.36165729073302333,0.38987726215504903,0.3699859122615578,,0.5701379341991798,0.5420490849804733,0.43620907905924905,0.508747126171419,
2016-08-31,0.30920225529495315,0.3271627046170244,0.4938770493125431,0.45557288847061495,0.5849891939397479,0.5448426131166975,0.5652807924710991,0.5321583821897545,0.6395963587188712,0.4437724946409616,0.44326459926406825,0.5981162801862491,0.42001701340457887,0.5268251850833238,0.4532020122351537,0.5016420805399238,0.5063814029902435,0.4314376489649417,0.3478761744073627,0.5458102179456418,0.6268754913966428,0.6048339247165964,0.5283450343619914,0.5407088385964227,0.3578886028591597,0.5179042134441314,0.47651481336699336,0.4129474886465381,0.49784735233106275,0.5854621837895229,0.5087240696568748,0.47272990350637517,0.543237941124663,0.44130796469577377,0.36663259344494675,0.4527718666010563,0.4089941127710008,0.5534597078059159,0.4831890778957364,0.5973611171466519,0.43628241045573096,0.4963374422365588,0.4209118378939966,0.4405138532253816,0.4314272401203085,0.696663227944395,0.5336040786384082,0.5861296912785968,0.3343966054553211,0.5597967698825885,0.35098823372907734
2016-09-02,0.42295812683371886,,0.4571285871860303,0.4521042868304414,0.6425563314943156,0.47702459759959925,0.5714892880032272,0.5442320785445919,,0.4941722182418695,0.4521653397212105,,0.3649719592701784,0.5978383601502912,0.379302591721484,0.4404376890091699,0.4088722163867829,,0.4062995493575365,0.5316629425164964,0.6410981030569992,0.6235384360866774,0.4946836466789297,0.5608229853615613,0.4277114565371394,0.39697794929394253,0.39706136580856516,0.3583717135617364,0.4965705821697391,0.5810352880477896,0.5586298967007292,0.5527251552502913,0.6246065052693585,0.5110403905459193,,0.5056313843259449,0.3430799336220969,0.5788696742299186,0.5213906243896148,0.5205884979972655,0.46097445683164917,0.3472501885441446,0.3450279445167727,0.386119240107796,0.39034329816374447,0.639666878922455,,0.5538862160482975,0.3973153744250886,0.5150750537461695,
2016-09-07,0.2884742268373069,0.3837925859045697,0.4900057436030167,0.4902260327957159,0.5932912679277131,0.5376463730941626,0.5834558580393054,0.5286331996222199,0.5289982903623744,0.476875675850587,0.4440421125516427,0.6127666369980611,0.2765295311045723,0.5437319842607207,0.48958591683889013,0.46356653153030053,0.546014311738294,0.4311705914531285,0.38633228423041216,0.5274681880618988,0.5975048821822297,0.6078158275365578,0.5150681392629014,0.5510129074088598,0.29845058703255006,0.5000043545370452,0.4481466193473708,0.3654914724734024,0.4442310176204351,0.4945273918227555,0.5068565652551033,0.5728670884668735,0.5419693821667805,0.4639012971437501,0.38744522129409437,0.4957246442753698,0.35416335544917726,0.564103327221054,0.4789104528673647,0.5362710874113258,0.43675385849676224,0.3706162523174077,0.3533305429593156,0.4489005816259601,0.43716687001493626,0.6763556468477714,0.5283245396730364,0.608129497358878,0.4985956789914452,0.5567668466892931,0.26655155820181736
2016-09-09,,,0.4620929056920993,0.40013114967464913,0.6609572265974258,0.48441864656567163,0.6003217650360018,0.5469552243314986,,0.4789353670809058,0.47561381889895266,,0.31005186542092183,0.5830232847673162,0.3894692557847301,0.4603082780285301,0.3859304430907364,0.4082917224215287,0.4291239816465236,0.5693078457622565,0.5935397749269775,0.6330478745814071,0.504358397208699,0.5404881664207699,0.4355505450944899,0.41803679581840864,0.42116336035190366,0.3863679304628133,0.4891103101480579,0.53020481719957,0.6044452603286511,0.5524952145774212,0.6344889697004795,,,0.49390823623863817,0.36184329314928937,0.5097536702255421,0.5094369560738884,,,0.39792610600299544,0.41286185574362805,0.35488735748202016,0.40537073267338863,,0.5418749251291344,0.5796826513840149,0.3831556199839034,0.4966389065807468,
2016-09-14,0.2882845862885271,0.3731917988440541,0.5255709325944412,0.5003061380602831,0.595847127849214,0.5454515121032156,0.535404154643064,0.5586425652022666,0.576721238402068,0.42274616024431894,0.442283021271982,0.557702791762999,0.33600694369920653,0.5512793620724946,0.4919627820071181,0.4877829575651374,0.5615137869360366,0.4215355505345051,0.34556299705603566,0.48296014142714316,0.59091162236286,0.6395706997318784,0.501815977221835,0.5581970833529328,0.2790719683837128,0.5031786268104407,0.5179331282534377,0.42235218836003363,0.4861585600734481,0.438350987114322,0.49110669510228866,0.49604694190477416,0.5719126128844394,0.4535579173826181,0.3446959184983094,0.5005776966058592,0.4015660882851093,0.5652649195702216,0.48751457852273616,0.5760816187554889,0.452073912395807,0.49953982165188765,0.41987171285802116,0.41779294910026926,0.5210542794087826,0.6527455614498139,0.49151019208630276,0.5474088984561251,0.38011586367216355,0.600821603895231,0.41217719486404397
2016-09-16,0.3972878964040065,,0.4873251477708606,0.4113929768659852,0.6743022987581798,0.484706792712728,,0.5860254035314575,,0.5189517934428282,,,0.35198961241236876,0.6301186035106011,0.3972628059761211,0.4843898633890052,0.378416578769697,0.3984546992710937,0.40698071064519653,0.5746321605969603,0.6086550190456702,0.6321037364107294,,0.5425621979570292,0.4352124703195605,0.42641639717340957,0.361240522905048,0.3933052795903724,0.4986347425585636,0.5493501901936441,,0.5765712996566278,0.6034962506052033,0.5134516549678076,0.40368171803987796,0.516487151233583,0.37594341735601894,0.5585251811247973,0.49319250748805854,,0.4725990071455828,0.43206511644920537,0.42410495469128534,0.40115843796257583,0.4004154527669282,0.6743928044723067,0.5377612470562719,0.5765238665909478,0.3913402431970856,0.498831715066218,
2016-09-21,0.39073074530727653,0.43559061510697084,0.5160283650032401,0.39598292857274314,0.5761278382897391,0.5146627994353256,0.5281762682209927,0.5108916730313794,0.7527569364772105,0.4551755040032665,0.4615551687230485,0.6208394246766462,0.3527505720525565,0.554593292631732,0.510194466168102,0.5315632319925477,0.5603696965846662,0.47785241290970665,0.4115688726354296,0.5392441656493414,0.5639963355301192,0.6425285221462455,0.537455786177741,0.5491064915687156,0.349942799616825,0.4787253631364383,0.46825461575684746,0.43853634658886115,0.4902740155168874,0.5021147505838331,0.5027899633903652,0.5670387752161005,0.5872584772619635,0.44482834353076023,0.3703923804307967,0.488390252494671,0.4024944679036217,0.5793479224549875,0.4981390669493733,0.6096834094982807,0.39639748315890416,0.47925699668034816,0.3677900044583245,0.4241195454280562,0.4168748693876121,0.6011072218177963,0.5433731415911283,0.5972753293972617,0.43757616732437316,0.5705914989171741,0.31596743492266616
2016-09-23,0.3845268816892357,,0.45384386301737,0.3935495317762485,0.7207799583203163,0.4902892604500548,0.5883699122725644,0.5335157929002835,,0.5008014484730223,0.4225529234314482,,0.35212580515503705,0.6058253474314998,0.41481438015147126,0.4898447011975578,0.41661674049315683,0.3878142631510426,0.4132856467776609,0.5678383194089318,0.6166468513236517,0.6089581708061176,0.49538034638669903,0.5099820334234919,0.4502735910653271,0.42290797398673635,0.3686731420819272,0.3941183980068567,0.5006589721328197,0.5130533666121128,0.5693190295685545,0.5369356470074399,0.6210546997762393,0.5080170109542204,0.4210013297280904,0.5031263950194156,0.3994497372757208,0.5786309096325782,0.5148743528162827,,0.48032132882173145,0.39983274971160193,0.4025947866902288,0.39927605365512736,0.44428878379682013,,,,0.41957758660198,0.5104873199234644,
2016-09-27,0.2860373475046979,0.5435712549404437,0.522269029643751,0.40226380809964885,0.6106801946064773,0.541437652026652,0.5911677227370368,0.6685938710848737,0.7836359522410019,0.49800974992238717,0.40519237409968384,0.7263818348372109,0.39766818107345187,0.6057129014142079,0.504394879162064,0.5412335158590706,0.5359431234013875,0.4882142403948157,0.40582392610824775,0.642484274222097,0.6614468155201103,0.640567942056255,0.5263988094463643,0.5456202498299246,0.3625318484553805,0.541732538016217,0.4472384357906287,0.46024698533149705,0.5070800512203624,0.5837474307098071,0.5395313748589231,0.5676121569656364,0.554674912413841,0.49171697574774526,0.35258691626114386,0.4893029136005215,0.4254050924416331,0.6080959788523955,0.5131231630521534,0.5781445723706652,0.4257590303840863,0.48201575632862975,0.42751905965391734,0.4504409746545239,0.45163503891488904,0.5849000918200703,0.542058618853258,0.6087723374229203,0.3523965582549357,0.5771663679407797,0.3684557600663467
2016-09-30,0.40759117609624224,,,0.3803683581551112,0.6754383339632936,0.5187502842215188,0.585615540890497,0.5700305239834037,,0.5154726319841155,0.45255322201257897,,0.3919265638487688,0.6362069046285542,0.4330875024002912,0.5014826897503794,0.4122096652921801,0.42166096545089865,0.3957893637212426,0.5356485114102415,0.616429138995691,0.6367560341237236,0.5281217035651052,0.5288946963436231,0.4063250764482705,0.4138538363968556,0.3622377631779523,0.4088155415431159,0.5091755902767064,0.5168597782080353,0.5840802998383788,0.5840996467310614,0.6251790790380265,0.4959520195035252,,0.5097314922277943,0.39613245056436125,0.5409397018561218,0.5329186978262862,,0.44987860893421683,0.377763973108672,0.40896698035214557,0.38990103842868207,0.3991092625729776,,0.5498848677310771,0.5672207554237413,0.40019346585302085,0.5108506302011021,
2016-10-04,0.3430066442066339,0.49297803793186984,0.46984494632583784,0.4188601727639297,0.612359363077505,0.550387981858066,0.5706160010087796,0.5792713305137233,0.8077072812721048,0.49414833864111823,0.44159635638954703,0.6087146730991613,0.3903576018133224,0.5688060792798856,0.4691686835357016,0.5250114223299822,0.4665831685797556,0.43472179502763075,0.37959370562476513,0.5046748140529569,0.6249217030251311,0.6460053563124989,0.5375272268162861,0.5483680368812845,0.3974002483258074,0.47611717639052137,0.4222948191658598,0.4094672872634315,0.5299435582027164,0.6207520273393895,0.5391146422130554,0.5311964689679053,0.5798531115269123,0.48983363967854743,0.3114499014895615,0.48181372727995914,0.3857100633776225,0.5596927863069765,0.5097069098249648,0.6135180911894611,0.41844047301429105,0.41992634939560197,0.41852248741030346,0.4407225091471318,0.4349389692716381,0.6580512611910052,0.5068848724738374,0.5832659650603409,0.34061139045656885,0.541874015016273,0.26118072366231015
2016-10-07,0.41903649505439927,,0.45001267620597774,0.3752222249355597,0.6996477206560461,0.5051875939370715,0.5690614826837855,0.554803300715347,,0.5176582004279723,0.4393366569471517,,0.33949724636794976,0.6722485774402692,0.43024324486300203,0.49683917566564567,0.408080465922793,0.3880629321773816,0.38024211327353846,0.5272148919849976,0.6332950601756794,0.672191644152762,0.523942544476779,0.5593600269570169,0.37913599771750445,0.4184070794402679,0.37477894074068896,0.3982952654990273,0.4842334131621538,0.524650772093462,0.6058477097535423,0.5395100562509938,0.6455733561217138,0.508590979182964,,0.4897149469184868,0.38820807466879964,0.5347937365319483,0.5243018940398455,,0.4600507237649678,,0.422543843744178,0.40056135106630636,0.3894437487993825,,0.5545249078762657,0.5045905778104051,0.3808226566902584,0.5039218055776763,
2016-10-10,0.2852530402013232,0.507952062491393,0.5213407975887464,0.4611416753202369,0.6016171351624453,0.5677087668636672,0.5980082294273158,0.5573546676212756,0.6749320785503327,0.49407142259376485,0.41906351483263116,0.6586149351297622,0.40554795930239407,0.5043881959264414,0.4809467964829513,0.46195185096656255,0.5912218887716498,0.409782340170971,0.35150594425151077,0.5809683409124171,0.6125061107768973,0.6736046441641875,0.5167983444822609,0.5134419805196417,0.30957910891269624,0.5501203261637789,0.44482455320818975,0.40285959927358955,0.49275789721371854,0.5593635057232893,0.5264399505619366,0.5955282875670416,0.5921562872507926,0.4952652635845351,0.31033705054861144,0.4823211580013695,0.42512845330742494,0.5680248775515703,0.5120756393317607,0.7368481023755558,0.4031600948091863,0.4201651107323781,0.41531404879688916,0.4387037401571199,0.4330593234237101,0.7814996286222303,0.5347246962267983,0.5772679709105595,0.29840539349135736,0.5689942065448722,0.2677167959136741
2016-10-14,,,0.48668619522607304,0.4061887392927807,0.6759831525222938,0.49933527494787794,,,,0.5057178666504691,0.46332191656763405,,,0.6595350019996463,0.4070045910937649,0.49497582192903405,0.40371870531125986,,0.39444792494917685,0.5223447612892868,0.6036928375122824,0.6624653539191274,0.5102949688948261,0.5058157957642013,,0.4544747085023748,,,0.5210542460876189,,0.58418134631734,,0.6243825698006531,0.5030556656778147,,,0.315208413211296,,0.5453938324610429,,,,0.4289048378988725,0.44374455051098843,,,0.5388286584456701,0.540867723708392,0.3596574083852091,0.5165013901435149,
2016-10-15,0.32143501351944265,0.4239153812879873,0.5420729771067753,0.38227745045726946,0.6018745218951321,0.591516681721278,0.5216202032047951,0.5383334879107508,0.8155487901061115,0.4833155156452496,0.45925346857664334,0.6017108098734135,0.4059433831661758,0.5410376226693187,0.5002125626033479,0.49035240319393303,0.535473961682449,0.42577295953031435,0.40251608940215,0.48235385063780706,0.617749704862281,0.6216811806192348,0.5370036930204263,0.5260831901404316,0.4079717441630651,0.5011834327404948,0.5007537030450018,0.4406143541869958,0.4878250423858301,0.5521940102419749,0.5321123209032813,0.5670202831468051,0.5693825503568143,0.4829870708503046,0.41377212775246025,0.4531340910901118,0.39845331938683,0.6229236327630717,0.4874150901261834,0.5473079521700513,0.39413089796114203,0.39057624288444387,0.37912369890269887,0.4409004986980187,0.489240582534406,0.6385247688493865,0.5390484724303494,0.6002500565145366,0.3750236288325172,0.5291635442645061,0.37510318369609313
2016-10-17,0.3926612930360669,0.38152394411838336,0.4814865849183372,0.38632715731164713,0.6158200834621973,0.5244718138404677,0.5613581771092916,0.5859333191062679,0.9223541775904932,0.5039940123906489,0.4794611444854572,0.5689196269115588,0.34712992233461537,0.5859414414189285,0.40328941407214947,0.4760134854230198,0.40677842170554035,0.30880288078085166,0.3925438812421945,0.5719121908482746,0.6750580152183338,0.6632224117142876,0.5046531162953893,0.5461367576695281,0.4410816079751216,0.425582877931016,0.3837313330210857,0.3697456832991978,0.49766485084040496,0.5353660277839793,0.5720504514926411,0.5246612958446683,0.633042421105317,0.49730142853173614,0.3670341471023582,0.47176549960887687,0.33235001384257085,0.5936162306382678,0.5179150753760005,0.5478811876847186,0.47195509856153367,0.36203998026727296,0.41905186500072306,0.44198634106929213,0.4476012240093621,0.6766244451763176,0.5178282993357569,0.5795295899625614,0.3050175513844215,0.49240406978792445,0.2791877540236776
2016-10-18,0.3931884967526457,0.38224596999004934,0.4759361856126278,0.37370570915611534,0.6168430755390647,0.5228953071295752,0.5673426821637385,0.5916098288374112,0.9232276291790593,0.4977568931289868,0.47326178313185396,0.5768911012378851,0.3521858039338493,0.5868778147550354,0.3944292707192825,0.4637746613322878,0.4102348977641315,0.30925332534960454,0.40200903156214945,0.5778428533819072,0.6797277530258415,0.6533214493250168,0.5279439926198985,0.540599859155041,0.44163668946395274,0.41296192823669875,0.3888193383075556,0.36723198720203815,0.4826579959388307,0.5622685075506962,0.5843082402129233,0.5318809979236455,0.6228385610489943,0.5094609017902948,0.35450043616445237,0.4627076750715357,0.3318363308033594,0.5924633917521805,0.5257139096028751,0.5489440632171051,0.47261232690320326,0.39679540789575024,0.414927600537428,0.4426612290678888,0.4503425436296998,0.6651409719881788,0.5345449402618895,0.5805557676717014,0.30890203333527166,0.5191438939294808,0.2796447595854172
2016-10-20,0.3455894913233127,0.45718914905852387,0.49365167348862465,0.4356624776858001,0.6233269972138754,0.5344782397590069,0.5533454111749799,0.5437595336758609,0.8514639895926588,0.49452465951983,0.47076969588575324,0.595613020017206,0.3791171942117204,0.555527026253708,0.44478917600429263,0.5007797993714027,0.4620622003987882,0.39140172533829176,0.4112055336348622,0.5633359417283174,0.6479814751833718,0.644491888802722,0.5129281143271623,0.5319822407242198,0.4154769407095211,0.4482506191284934,0.395617967943908,0.36110304137298205,0.4951654151106733,0.5108225979175952,0.5864897500854538,0.5574289814848644,0.5987710280677659,0.49900784032958834,0.33271690093321166,0.4625888859871741,0.37872317691174834,0.594878022498717,0.512966151493283,0.5670166592032785,0.44583677923347337,0.3797348043936899,0.4012053458381526,0.42713285280715607,0.46706295915951024,0.6923455531868413,0.5453981541291757,0.581943378523525,0.3384177149841459,0.5288812005920523,0.285157824572867
2016-10-24,0.40011800012327187,0.4410536122066879,0.4804230464481132,0.3994232159206728,0.6363610856021554,0.5242255832773495,0.5561940876784107,0.5624434124958612,0.9455490441097559,0.4945950717469502,0.4783367672180001,0.614435394170914,0.37381602743492953,0.598660733662526,0.4182270764852702,0.4637270964776639,0.42093657076782276,0.3615544788328813,0.38855482677198055,0.5407757491547667,0.657806277761876,0.6700520665916819,0.49409139901807025,0.5459673988402224,0.4613039434520654,0.4519843533232854,0.4294003446264915,0.37994970254877486,0.4935085478373557,0.5447193667933748,0.6074188273055369,0.5450157792835935,0.6231457454063497,0.5117403619569716,0.3548683571635194,0.4758786336523526,0.33221949108526333,0.5668112285551868,0.5339477045432471,0.5636928983219799,0.4672958808886077,0.37047367386719143,0.42136751718784593,0.4658865039726514,0.45995886574362954,0.6546220737209935,0.5408715674104355,0.5733624164414041,0.3007352146020661,0.5230791586132577,0.256849480161334
2016-10-25,0.33511258514443015,0.4652890945123594,0.5035989224065844,0.44117676591000143,0.6194193755052001,0.5478412897837834,0.5505333157849058,0.5359295552194644,0.8099652775214761,0.48846504439726746,0.45889280973413427,0.6147902343605594,0.38044759545769424,0.5843455946251233,0.4595505755251816,0.49923179423446234,0.48477668088554027,0.38620923333711477,0.3971587428083463,0.5722417191036492,0.6585902613608532,0.6393436957633353,0.5171556444806036,0.5385583995508336,0.3933855697319319,0.46852911692092186,0.4134615123321514,0.3872215441368791,0.5060988914591035,0.5302898686631,0.5636437755279939,0.5430210605410588,0.5926578662752771,0.5000971690838357,0.3613547715017607,0.48568774341280974,0.364315425745795,0.5503615075578385,0.518904511604702,0.5341719745269614,0.4672465186040006,0.32899201611702167,0.42308560137190937,0.4413830669359034,0.4723240640051576,0.6964984037028152,0.5524911463182344,0.5977378398709414,0.36895567447137867,0.5352528734430025,0.2916602106630858
2016-10-26,0.4061701820205797,0.4353378581475002,0.4856924997270586,0.41260030707106554,0.6396466394559283,0.5120660687427757,0.5647385492023438,0.5601614826883096,0.9514325790925122,0.4962744467123389,0.48588496645353957,0.6209767746539766,0.39365351625540734,0.5738710656114072,0.4059486355155822,0.45425473740936395,0.4281557910586821,0.3761960456759397,0.41079507088501277,0.5608355757734563,0.6939721797004722,0.658521806846349,0.4967474122916787,0.5507297553491854,0.45704499713595853,0.4438348095084885,0.39397316501838325,0.37747258038053594,0.5034077976774345,0.5349121436850993,0.596889512802817,0.5428466842933395,0.626180423658917,0.5132576100794882,0.3610978369142806,0.5047021540945145,0.35717135629376345,0.5779108936681604,0.5305686038463794,0.5671843444329565,0.48587235680329327,0.3295055286668908,0.4302658876153905,0.45664066217822846,0.45588786117985775,0.6665769936567175,0.517753976182904,0.6056851023858091,0.3337860053436063,0.5159621114872789,0.2402237081549817
2016-10-27,0.38870848854323253,0.41732022045712736,0.48526191473178315,0.39556134420934114,0.6567040133021108,0.516029667742918,0.5712184121625329,0.5748921240353619,0.9432785043094767,0.5043633245269489,0.48150173486677783,0.6199593500863861,0.36916244379852153,0.5733934409657943,0.41149624527954376,0.4314351052377454,0.42632337541865656,0.37558067085774716,0.41178271755572204,0.5454261139472899,0.7036194684104458,0.6566233774373748,0.509862232714842,0.5523284571211079,0.4465212996937688,0.43489140289406025,0.3904489655841581,0.39522592093845654,0.4935352546361862,0.5313059052417318,0.5649113595821338,0.5248372541968567,0.613270695546309,0.5064218334810149,0.35041853770654724,0.49469932961292645,0.3539805341072726,0.5795664452102202,0.5176901292941238,0.5505800756364302,0.4702249945842547,0.34305272558322675,0.4425058053088497,0.4498932044409393,0.4650300638154772,0.6902289319439697,0.5326416711335902,0.6074165581205092,0.30326033950024334,0.5217392930207628,0.24396426387012002
2016-10-28,0.4010623378868062,0.4236943935728708,0.4883004495355039,0.37357030313455414,0.6459989183599976,0.5235447480975544,0.5726112038396535,0.5762360837958617,0.9445833045844864,0.5048733627641143,0.46859679160446244,0.6372838735722782,0.3701506538713364,0.5750194269564389,0.40429786866672934,0.43253868041397553,0.4154023807136882,0.3806508117669643,0.40790665875558635,0.5378818348465481,0.6937338600482431,0.6220998772577747,0.5000247345859888,0.5537267621075308,0.4422685689617903,0.42482090359664443,0.3822917622875481,0.3986590738507097,0.5035794098554334,0.5280568564157053,0.5859612984709219,0.5313819146209516,0.6296111330938903,0.49436207403876054,0.33468659604359813,0.48599175227476615,0.35475909119094867,0.5810185648566583,0.5165292143816005,0.5573819725527048,0.4711682844334483,0.36672649023026965,0.44847658515086297,0.45421128450885684,0.46656176599982363,0.6882601110817334,0.5356036940150376,0.6043685352123971,0.31136137950351356,0.5050217309900842,0.24459154236848524
2016-10-29,0.3925244668403904,0.40963094803031375,0.49213263733416973,0.374148450370349,0.6483201474582628,0.5079068521915342,0.5753227577390699,0.5821630383817621,0.9373139656977248,0.5056517367382881,0.49450318027085194,0.6511778897172923,0.3806853827212097,0.5917332780524877,0.3900638789359309,0.4333224114392988,0.42117939066855364,0.39255935445755824,0.41519162803831994,0.5415045196573812,0.683392119610272,0.6516007274506599,0.5094306560846303,0.5425947087542141,0.43785208134670445,0.45431816509076933,0.36815765571152115,0.38748029809443735,0.48812064429995955,0.5289927035006152,0.5849891143891821,0.5266539934357081,0.6416069505158616,0.5345210819526013,0.32827208438122923,0.47116010054093493,0.3437155742250535,0.5889677495097484,0.5143863367310675,0.5718986816962564,0.47724887291471746,0.3526159259299384,0.4491736846462165,0.46577117239269206,0.44287345404945283,0.7002155056542344,0.5392938634180717,0.600802499691127,0.31189083944728835,0.500099636586583,0.2574543629459684
2016-10-30,0.39310178493439346,0.38962640163621653,0.48279700441776036,0.3747445597038581,0.6498998176019448,0.5152200438252325,0.5767081746616859,0.5534435881036016,0.9306931815479763,0.49671760694538947,0.4893165094036207,0.6404015046208422,0.37310120997222146,0.5952263693168547,0.41998174942398586,0.434227524563237,0.42202062453424305,0.39072655773159476,0.4158490427167368,0.5428767741653144,0.6734609374229984,0.6577020650969237,0.5190099033535306,0.5505920970003778,0.44484498927427013,0.4488338851596736,0.36113240923860074,0.3881762862893378,0.4948876501789283,0.5380103469170255,0.5863103118613268,0.5216155209268164,0.6504777731838217,0.515519959151699,0.32880385054966715,0.4906811365925545,0.3558362168171043,0.590424995548556,0.5169796405544108,0.5734924633141829,0.462552376415103,0.36110883514343645,0.4436779757872385,0.4522884181315599,0.4582228045691488,0.6892528477639378,0.5404086362846835,0.5975339425626262,0.3123385842785247,0.5144977362010169,0.26432246152374916
2016-11-01,0.3335483953018681,0.367517150713121,0.4995542974082321,0.38203446413217407,0.6338150465237362,0.5337227606698609,0.5733204486147574,0.563488931042611,0.8570940620174926,0.4993795803637654,0.4868012146184621,0.6187023637527901,0.4222972157963803,0.5679780006293437,0.4363778140490264,0.48210977028995444,0.45132000670687794,0.40794794052335503,0.36544121489554565,0.6128368402666711,0.6273270318404073,0.6394539287354766,0.5171439349357084,0.530953796544814,0.3975734030697504,0.45839616676183703,0.4271550032234097,0.4137217382856729,0.4975549383390922,0.5327326186716105,0.5608641517794727,0.5384687626895004,0.5885584935031271,0.503916823266323,0.3364310793890968,0.49190332094483175,0.3739570783650363,0.598871039258901,0.5171937037178942,0.5925764869522042,0.447251881413778,0.4312028249702902,0.4461776941019868,0.4587971915666255,0.4279932100934054,0.7059265588184166,0.5330653205695951,0.5884434274871084,0.3408625540579253,0.5394390751410383,0.30704339457323354
